Transaction Details,Transaction status:,Employer's Code No:,Employer's Name:,Challan Period:,Challan Number :,Challan Created Date,Challan Submitted Date,Amount Paid:,Transaction Number:,Filename,,
,Completed Successfully,53520355580011303,"NEXGEN EDUCATIONAL TRUST,",Feb-2020,05320109017877,14-03-2020 18:23:10,14-03-2020 19:10:57,519268.00,608324073,_parsed_RAMYUTH NAGAR.pdf,,
,Completed Successfully,62520355580101303,"NEXGEN EDUCATIONAL TRUST,",Feb-2020,06220109491086,14-03-2020 16:05:17,14-03-2020 16:05:23,50878.00,608307346,_parsed_DARSI-NELLORE.pdf,,
,Completed Successfully,62520355580041303,"NEXGEN EDUCATIONAL TRUST,",Feb-2020,06220109522115,14-03-2020 17:16:22,14-03-2020 17:16:46,314452.00,608314424,_parsed_RAJAHMUNDRY.pdf,,
,Completed Successfully,52520355580081303,"NEXGEN EDUCATIONAL TRUST,",Feb-2020,05220109515475,14-03-2020 17:01:34,14-03-2020 17:01:53,176964.00,608312970,_parsed_NAGOLE-LBNAGAR.pdf,,
,Completed Successfully,62520355580091303,"NEXGEN EDUCATIONAL TRUST,",Feb-2020,06220109533049,14-03-2020 17:43:27,14-03-2020 17:43:54,155773.00,608317000,_parsed_VGIRI-NELLORE.pdf,,
,Completed Successfully,70520355580021303,"NEXGEN EDUCATIONAL TRUST,",Feb-2020,07020109535365,14-03-2020 17:49:55,14-03-2020 17:50:17,78932.00,608317524,_parsed_YALAMANCHILI.pdf,,
,Completed Successfully,79520355580041303,"NEXGEN EDUCATIONAL TRUST,",Feb-2020,07920109485593,14-03-2020 15:54:03,14-03-2020 15:54:20,361620.00,608306815,_parsed_CHITTOOR.pdf,,
,Completed Successfully,62520355580011303,"NEXGEN EDUCATIONAL TRUST,",Feb-2020,06220109534051,14-03-2020 17:45:59,14-03-2020 17:47:14,341761.00,608317297,_parsed_VIJAYAWADA.pdf,,
,Completed Successfully,52520355580111303,"NEXGEN EDUCATIONAL TRUST,",Feb-2020,05220109513990,14-03-2020 16:58:02,14-03-2020 16:58:21,36900.00,608312676,_parsed_NACHARAM.pdf,,
,Completed Successfully,62520355580051303,"NEXGEN EDUCATIONAL TRUST,",Feb-2020,06220109518233,14-03-2020 17:08:01,14-03-2020 17:08:17,220359.00,608313593,_parsed_NELLORE.pdf,,
,Completed Successfully,69520355580011303,"NEXGEN EDUCATIONAL TRUST,",Feb-2020,06920108969116,14-03-2020 16:15:56,14-03-2020 16:16:13,20331.00,608308401,_parsed_GURUGRAM.pdf,,
,Completed Successfully,62520355580021303,"NEXGEN EDUCATIONAL TRUST,",Feb-2020,06220109494461,14-03-2020 16:12:28,14-03-2020 16:12:55,515024.00,608308088,_parsed_GUNTURZONE.pdf,,
,Completed Successfully,52520355580071303,"NEXGEN EDUCATIONAL TRUST,",Feb-2020,05220109497384,14-03-2020 16:19:07,14-03-2020 16:19:26,129153.00,608308710,_parsed_HABSIGUDA-TARNAKA.pdf,,
,Completed Successfully,62000301550001302,USHODAYA EDUCATIONAL SOCIETY (KAIRALI ENGLISH MEDIUM SCHOOL),Feb-2020,06220109519627,14-03-2020 17:10:54,14-03-2020 17:11:13,6328.00,608313892,_parsed_NELLORE2.pdf,,
,Completed Successfully,77520355580011303,"NEXGEN EDUCATIONAL TRUST,",Feb-2020,07720108983717,14-03-2020 16:49:21,14-03-2020 16:49:45,48864.00,608311747,_parsed_Mangalore.pdf,,
,Completed Successfully,70520355580011303,"NEXGEN EDUCATIONAL TRUST,",Feb-2020,07020109512494,14-03-2020 16:54:56,14-03-2020 16:55:21,476344.00,608312369,_parsed_MVPCOLONY.pdf,,
,Completed Successfully,71520355580011303,"NEXGEN EDUCATIONAL TRUST,",Feb-2020,07120109483627,14-03-2020 15:49:54,14-03-2020 15:50:00,129312.00,608305706,_parsed_BELLARY-GULB.pdf,,
,Completed Successfully,62520355580061303,"NEXGEN EDUCATIONAL TRUST,",Feb-2020,06220109507714,14-03-2020 16:43:38,14-03-2020 16:43:56,176692.00,608311106,_parsed_KANKIPADU.pdf,,
,Completed Successfully,79520355580021303,"NEXGEN EDUCATIONAL TRUST,",Feb-2020,07920109503886,14-03-2020 16:34:51,14-03-2020 16:35:04,203313.00,608310252,_parsed_KADAPA.pdf,,
,Completed Successfully,62520355580081303,"NEXGEN EDUCATIONAL TRUST,",Feb-2020,06220109520922,14-03-2020 17:13:34,14-03-2020 17:13:57,154276.00,608314158,_parsed_PONNUR-GUNTUR.pdf,,
,Completed Successfully,52520355580061303,"NEXGEN EDUCATIONAL TRUST,",Feb-2020,05220109516612,14-03-2020 17:04:01,14-03-2020 17:04:29,97252.00,608313304,_parsed_NALLAKUNTA-CHIKKADAP.pdf,,
,Completed Successfully,62520355580031303,"NEXGEN EDUCATIONAL TRUST,",Feb-2020,06220109506522,14-03-2020 16:40:51,14-03-2020 16:41:12,82373.00,608310827,_parsed_KAKINADA.pdf,,
,Transaction Completed Successfully,62000312260001302,SAI SREE MARGADARSI E M HIGH SCHOOL,Feb-2020,06220109492908,14-03-2020 16:09:12,14-03-2020 16:09:29,11439.00,608307757,_parsed_GPARK-NELLORE.pdf,"DISCLAIMER: Content owned, maintained and updated by Employee's State Insurance Corporation. Copyright © 2009, ESIC, India. All Rights Reserved. Best","viewed in 1024 x 768 pixels, Designed and Developed by Wipro LTD.IP Address : 62.ASP Session ID : xx20a245ne4uwo45cc3bninn"
* Required Fields,,,,,,,,,,_parsed_GPARK-NELLORE.pdf,,
,Completed Successfully,52520355580101303,"NEXGEN EDUCATIONAL TRUST,",Feb-2020,05220109530821,14-03-2020 17:38:11,14-03-2020 17:38:32,179441.00,608316622,_parsed_SUNCITY-SHIVARAMPALL.pdf,,
,Completed Successfully,49520355580011303,"NEXGEN EDUCATIONAL TRUST,",Feb-2020,04920109004586,14-03-2020 17:41:07,14-03-2020 17:41:21,73916.00,608316818,_parsed_TUMKUR1.pdf,,
,Completed Successfully,62000312130001302,SRI LALITHA E.M. HIGH SCHOOL,Feb-2020,06220109526726,14-03-2020 17:28:04,14-03-2020 17:28:20,9262.00,608315569,_parsed_SPETA-NELLORE.pdf,,
,Completed Successfully,62520355580111303,"NEXGEN EDUCATIONAL TRUST,",Feb-2020,06220109505194,14-03-2020 16:37:39,14-03-2020 16:37:55,188118.00,608310545,_parsed_KAIKALUR-ELURU.pdf,,
,Completed Successfully,62520355580071303,"NEXGEN EDUCATIONAL TRUST,",Feb-2020,06220109525062,14-03-2020 17:23:46,14-03-2020 17:24:09,128131.00,608315164,_parsed_RAYACHOTI.pdf,,
,Completed Successfully,50520355580011303,"NEXGEN EDUCATIONAL TRUST,",Feb-2020,05020108984753,14-03-2020 16:51:59,14-03-2020 16:52:17,574188.00,608312075,_parsed_MARTHAHALLY.pdf,,
,Completed Successfully,52520355580091303,"NEXGEN EDUCATIONAL TRUST,",Feb-2020,05220109527995,14-03-2020 17:30:46,14-03-2020 17:31:04,133637.00,608315875,_parsed_SUCHITRA-KOMPALLY.pdf,,
,Completed Successfully,15520355580011303,"NEXGEN EDUCATIONAL TRUST,",Feb-2020,01520108973842,14-03-2020 16:26:37,14-03-2020 16:26:55,4899.00,608309431,_parsed_JAIPUR.pdf,,
,Completed Successfully,79520355580051303,"NEXGEN EDUCATIONAL TRUST,",Feb-2020,07920109508982,14-03-2020 16:46:35,14-03-2020 16:46:53,316594.00,608311486,_parsed_KURNOOL.pdf,,
,Completed Successfully,79520355580031303,"NEXGEN EDUCATIONAL TRUST,",Feb-2020,07920109472173,14-03-2020 15:24:44,14-03-2020 15:24:49,96334.00,608303122,_parsed_ADONI.pdf,,
,Completed Successfully,52000355580001303,"NEXGEN EDUCATIONAL TRUST,",Feb-2020,05220109498497,14-03-2020 16:21:49,14-03-2020 16:22:09,244825.00,608308947,_parsed_HYD.pdf,,
,Completed Successfully,79520355580011303,"NEXGEN EDUCATIONAL TRUST,",Feb-2020,07920109480958,14-03-2020 15:44:40,14-03-2020 15:44:46,225346.00,608305214,_parsed_ANANTHAPUR.pdf,,
