"T
RRN No:","C
hallan Status :","C
hallan Generated On:","E
stablishmentID :","E
stablishment Name :",Challan Type :,Total Members:,Wage Month :,Total Amount(Rs) :,Account-1 Amount(Rs) :,Account-2 Amount(Rs):,Account-10 Amount(Rs):,Account-21 Amount(Rs):,"0 P
Account-22 Amount(Rs):","ayment Confirmation
Bank :","C
RN:","P
resentation Date:","R
ealization Date :","D
ate of Credit:",Filename
1222103000663,Payment Confirmed,03-MAR-2021 08:58:00,GRGNT00581 29000,SRI CHAITANYA TECHNO SCHOOL,Monthly Contribution Challan,373,JAN-21,"2,54,404","1,59,470","5,088","84,758","5,088",,State BankofIndia,002060321199579,06-MAR-2021 00:00:00,06-MAR-2021 00:00:00,06-MAR-2021 00:00:00,_parsed_GUNTUR.pdf
1262103000389,Payment Confirmed,03-MAR-2021 08:48:44,GRRJY0070648000,SRI CHAITANYA TECHNO SCHOOL,Monthly Contribution Challan,8,JAN-21,"7,944","4,762",500,"2,530",152,,State BankofIndia,002060321199428,06-MAR-2021 00:00:00,06-MAR-2021 00:00:00,06-MAR-2021 00:00:00,_parsed_DEVARAPALLY.pdf
2492103000612,Payment Confirmed,03-MAR-2021 08:42:38,PYKRP 1466290000,VARSITY EDUCATION MANAGEMENTPRIVATE LIMITED,Monthly Contribution Challan,601,JAN-21,"9,23,010","5,79,912","18,460","3,06,178","18,460",,State BankofIndia,002060321192519,06-MAR-2021 00:00:00,06-MAR-2021 00:00:00,06-MAR-2021 00:00:00,_parsed_BANGALORE.pdf
1202103001770,Payment Confirmed,03-MAR-2021 08:50:41,APHYD0072949000,VARSITY EDUCATION MANAGEMENTPVT LTD,Monthly Contribution Challan,71,JAN-21,"74,426","47,891","1,489","23,557","1,489",,State BankofIndia,002060321 199421,06-MAR-2021 00:00:00,06-MAR-2021 00:00:00,06-MAR-2021 00:00:00,_parsed_ECIL 74226.pdf
1222103000664,Payment Confirmed,03-MAR-2021 08:59:08,GRGNT00581 29000,SRI CHAITANYA TECHNO SCHOOL,Monthly Contribution Challan,7,JAN-21,"9,800","6,150",196,"3,258",196,,State BankofIndia,002060321 199630,06-MAR-2021 00:00:00,06-MAR-2021 00:00:00,06-MAR-2021 00:00:00,_parsed_GUNTUR 9800.pdf
1262103000392,Payment Confirmed,03-MAR-2021 08:52:40,GRRJY0070647000,SRI CHAITANYA TECHNO SCHOOL,Monthly Contribution Challan,7,JAN-21,"8,728","5,262",500,"2,798",168,,State BankofIndia,002060321199489,06-MAR-2021 00:00:00,06-MAR-2021 00:00:00,06-MAR-2021 00:00:00,_parsed_ELURU 1.pdf
1222103000653,Payment Confirmed,03-MAR-2021 08:35:34,GRGNT0058375000,"VARSITY EDUCATION
MANAGEMENT PVT LTD",Monthly Contribution Challan,7,JAN-21,"9,275","5,613",500,"2,983",179,,State BankofIndia,002060321192353,06-MAR-2021 00:00:00,06-MAR-2021 00:00:00,06-MAR-2021 00:00:00,_parsed_ADDANKI.pdf
1212103000550,Payment Confirmed,03-MAR-2021 08:46:49,GRCDP0069762000,SRI CHAITANYA TECHNO SCHOOLS,Monthly Contribution Challan,32,JAN-21,"35,584","22,304",712,"11,856",712,,State BankofIndia,002060321 199342,06-MAR-2021 00:00:00,06-MAR-2021 00:00:00,06-MAR-2021 00:00:00,_parsed_BUCHIREDDY PALEM.pdf
